datetime,AAPL,cash,commission,total,returns,equity_curve,drawdown
2019-01-01,0.0,100000.0,0.0,100000.0,,,
2018-01-02,0.0,100000.0,0.0,100000.0,0.0,1.0,0.0
2018-01-03,0.0,100000.0,0.0,100000.0,0.0,1.0,0.0
2018-01-04,0.0,100000.0,0.0,100000.0,0.0,1.0,0.0
2018-01-05,0.0,100000.0,0.0,100000.0,0.0,1.0,0.0
2018-01-08,0.0,100000.0,0.0,100000.0,0.0,1.0,0.0
2018-01-09,0.0,100000.0,0.0,100000.0,0.0,1.0,0.0
2018-01-10,0.0,100000.0,0.0,100000.0,0.0,1.0,0.0
2018-01-11,0.0,100000.0,0.0,100000.0,0.0,1.0,0.0
2018-01-12,0.0,100000.0,0.0,100000.0,0.0,1.0,0.0
2018-01-16,0.0,100000.0,0.0,100000.0,0.0,1.0,0.0
2018-01-17,0.0,100000.0,0.0,100000.0,0.0,1.0,0.0
2018-01-18,0.0,100000.0,0.0,100000.0,0.0,1.0,0.0
2018-01-19,0.0,100000.0,0.0,100000.0,0.0,1.0,0.0
2018-01-22,0.0,100000.0,0.0,100000.0,0.0,1.0,0.0
2018-01-23,0.0,100000.0,0.0,100000.0,0.0,1.0,0.0
2018-01-24,0.0,100000.0,0.0,100000.0,0.0,1.0,0.0
2018-01-25,0.0,100000.0,0.0,100000.0,0.0,1.0,0.0
2018-01-26,0.0,100000.0,0.0,100000.0,0.0,1.0,0.0
2018-01-29,0.0,100000.0,0.0,100000.0,0.0,1.0,0.0
2018-01-30,0.0,100000.0,0.0,100000.0,0.0,1.0,0.0
2018-01-31,0.0,100000.0,0.0,100000.0,0.0,1.0,0.0
2018-02-01,0.0,100000.0,0.0,100000.0,0.0,1.0,0.0
2018-02-02,0.0,100000.0,0.0,100000.0,0.0,1.0,0.0
2018-02-05,0.0,100000.0,0.0,100000.0,0.0,1.0,0.0
2018-02-06,0.0,100000.0,0.0,100000.0,0.0,1.0,0.0
2018-02-07,0.0,100000.0,0.0,100000.0,0.0,1.0,0.0
2018-02-08,0.0,100000.0,0.0,100000.0,0.0,1.0,0.0
2018-02-09,0.0,100000.0,0.0,100000.0,0.0,1.0,0.0
2018-02-12,0.0,100000.0,0.0,100000.0,0.0,1.0,0.0
2018-02-13,0.0,100000.0,0.0,100000.0,0.0,1.0,0.0
2018-02-14,0.0,100000.0,0.0,100000.0,0.0,1.0,0.0
2018-02-15,0.0,100000.0,0.0,100000.0,0.0,1.0,0.0
2018-02-16,0.0,100000.0,0.0,100000.0,0.0,1.0,0.0
2018-02-20,0.0,100000.0,0.0,100000.0,0.0,1.0,0.0
2018-02-21,0.0,100000.0,0.0,100000.0,0.0,1.0,0.0
2018-02-22,0.0,100000.0,0.0,100000.0,0.0,1.0,0.0
2018-02-23,0.0,100000.0,0.0,100000.0,0.0,1.0,0.0
2018-02-26,0.0,100000.0,0.0,100000.0,0.0,1.0,0.0
2018-02-27,0.0,100000.0,0.0,100000.0,0.0,1.0,0.0
2018-02-28,0.0,100000.0,0.0,100000.0,0.0,1.0,0.0
2018-03-01,0.0,100000.0,0.0,100000.0,0.0,1.0,0.0
2018-03-02,0.0,100000.0,0.0,100000.0,0.0,1.0,0.0
2018-03-05,0.0,100000.0,0.0,100000.0,0.0,1.0,0.0
2018-03-06,0.0,100000.0,0.0,100000.0,0.0,1.0,0.0
2018-03-07,0.0,100000.0,0.0,100000.0,0.0,1.0,0.0
2018-03-08,0.0,100000.0,0.0,100000.0,0.0,1.0,0.0
2018-03-09,0.0,100000.0,0.0,100000.0,0.0,1.0,0.0
2018-03-12,0.0,100000.0,0.0,100000.0,0.0,1.0,0.0
2018-03-13,0.0,100000.0,0.0,100000.0,0.0,1.0,0.0
2018-03-14,0.0,100000.0,0.0,100000.0,0.0,1.0,0.0
2018-03-15,0.0,100000.0,0.0,100000.0,0.0,1.0,0.0
2018-03-16,0.0,100000.0,0.0,100000.0,0.0,1.0,0.0
2018-03-19,0.0,100000.0,0.0,100000.0,0.0,1.0,0.0
2018-03-20,0.0,100000.0,0.0,100000.0,0.0,1.0,0.0
2018-03-21,0.0,100000.0,0.0,100000.0,0.0,1.0,0.0
2018-03-22,0.0,100000.0,0.0,100000.0,0.0,1.0,0.0
2018-03-23,0.0,100000.0,0.0,100000.0,0.0,1.0,0.0
2018-03-26,0.0,100000.0,0.0,100000.0,0.0,1.0,0.0
2018-03-27,0.0,100000.0,0.0,100000.0,0.0,1.0,0.0
2018-03-28,0.0,100000.0,0.0,100000.0,0.0,1.0,0.0
2018-03-29,0.0,100000.0,0.0,100000.0,0.0,1.0,0.0
2018-04-02,0.0,100000.0,0.0,100000.0,0.0,1.0,0.0
2018-04-03,0.0,100000.0,0.0,100000.0,0.0,1.0,0.0
2018-04-04,0.0,100000.0,0.0,100000.0,0.0,1.0,0.0
2018-04-05,0.0,100000.0,0.0,100000.0,0.0,1.0,0.0
2018-04-06,0.0,100000.0,0.0,100000.0,0.0,1.0,0.0
2018-04-09,0.0,100000.0,0.0,100000.0,0.0,1.0,0.0
2018-04-10,0.0,100000.0,0.0,100000.0,0.0,1.0,0.0
2018-04-11,0.0,100000.0,0.0,100000.0,0.0,1.0,0.0
2018-04-12,0.0,100000.0,0.0,100000.0,0.0,1.0,0.0
2018-04-13,0.0,100000.0,0.0,100000.0,0.0,1.0,0.0
2018-04-16,0.0,100000.0,0.0,100000.0,0.0,1.0,0.0
2018-04-17,0.0,100000.0,0.0,100000.0,0.0,1.0,0.0
2018-04-18,0.0,100000.0,0.0,100000.0,0.0,1.0,0.0
2018-04-19,0.0,100000.0,0.0,100000.0,0.0,1.0,0.0
2018-04-20,0.0,100000.0,0.0,100000.0,0.0,1.0,0.0
2018-04-23,0.0,100000.0,0.0,100000.0,0.0,1.0,0.0
2018-04-24,0.0,100000.0,0.0,100000.0,0.0,1.0,0.0
2018-04-25,0.0,100000.0,0.0,100000.0,0.0,1.0,0.0
2018-04-26,0.0,100000.0,0.0,100000.0,0.0,1.0,0.0
2018-04-27,0.0,100000.0,0.0,100000.0,0.0,1.0,0.0
2018-04-30,0.0,100000.0,0.0,100000.0,0.0,1.0,0.0
2018-05-01,0.0,100000.0,0.0,100000.0,0.0,1.0,0.0
2018-05-02,0.0,100000.0,0.0,100000.0,0.0,1.0,0.0
2018-05-03,0.0,100000.0,0.0,100000.0,0.0,1.0,0.0
2018-05-04,0.0,100000.0,0.0,100000.0,0.0,1.0,0.0
2018-05-07,0.0,100000.0,0.0,100000.0,0.0,1.0,0.0
2018-05-08,0.0,100000.0,0.0,100000.0,0.0,1.0,0.0
2018-05-09,0.0,100000.0,0.0,100000.0,0.0,1.0,0.0
2018-05-10,0.0,100000.0,0.0,100000.0,0.0,1.0,0.0
2018-05-11,0.0,100000.0,0.0,100000.0,0.0,1.0,0.0
2018-05-14,0.0,100000.0,0.0,100000.0,0.0,1.0,0.0
2018-05-15,0.0,100000.0,0.0,100000.0,0.0,1.0,0.0
2018-05-16,0.0,100000.0,0.0,100000.0,0.0,1.0,0.0
2018-05-17,0.0,100000.0,0.0,100000.0,0.0,1.0,0.0
2018-05-18,0.0,100000.0,0.0,100000.0,0.0,1.0,0.0
2018-05-21,0.0,100000.0,0.0,100000.0,0.0,1.0,0.0
2018-05-22,0.0,100000.0,0.0,100000.0,0.0,1.0,0.0
2018-05-23,0.0,100000.0,0.0,100000.0,0.0,1.0,0.0
2018-05-24,0.0,100000.0,0.0,100000.0,0.0,1.0,0.0
2018-05-25,0.0,100000.0,0.0,100000.0,0.0,1.0,0.0
2018-05-29,2251410000.0,-1746000001.3,1.3,505409998.70000005,5053.0999870000005,5054.0999870000005,0.0
2018-05-30,1869050000.0,-1746000001.3,1.3,123049998.70000005,-0.756534300831987,1230.4999870000004,3823.6000000000004
2018-05-31,2748280000.0,-1746000001.3,1.3,1002279998.7,7.145306861348221,10022.799987,0.0
2018-06-01,2344250000.0,-1746000001.3,1.3,598249998.7,-0.4031109076545917,5982.499987,4040.3
2018-06-04,2626620000.0,-1746000001.3,1.3,880619998.7,0.4719933148576536,8806.199987,1216.6000000000004
2018-06-05,2156600000.0,-1746000001.3,1.3,410599998.70000005,-0.5337375947558072,4105.999986999999,5916.800000000001
2018-06-06,2093360000.0,-1746000001.3,1.3,347359998.70000005,-0.15401850998593292,3473.5999869999996,6549.200000000001
2018-06-07,2134720000.0,-1746000001.3,1.3,388719998.70000005,0.1190695536469093,3887.1999869999995,6135.6
2018-06-08,2665680000.0,-1746000001.3,1.3,919679998.7,1.3659189179247133,9196.799986999999,826.0000000000018
2018-06-11,1830850000.0,-1746000001.3,1.3,84849998.70000005,-0.9077396498565387,848.4999870000006,9174.3
2018-06-12,1691110000.0,-1746000001.3,1.3,-54890001.29999995,-1.6469063304770555,-548.9000129999997,10571.7
2018-06-13,2163840000.0,-1746000001.3,1.3,417839998.70000005,-8.612315336199497,4178.399987000002,5844.399999999999
2018-06-14,2161010000.0,-1746000001.3,1.3,415009998.70000005,-0.006772927457411426,4150.099987000001,5872.699999999999
2018-06-15,6171920000.0,-1746000001.3,1.3,4425919998.7,9.664610521587415,44259.19998700001,0.0
2018-06-18,1848490000.0,-1746000001.3,1.3,102489998.70000005,-0.976843232880372,1024.8999870000016,43234.3
2018-06-19,3357850000.0,-1746000001.3,1.3,1611849998.7,14.726900372182357,16118.499987000017,28140.69999999999
2018-06-20,2062870000.0,-1746000001.3,1.3,316869998.70000005,-0.8034122288329781,3168.6999870000045,41090.5
2018-06-21,2571190000.0,-1746000001.3,1.3,825189998.7,1.6041909997331656,8251.89998700001,36007.299999999996
2018-06-22,2720040000.0,-1746000001.3,1.3,974039998.7,0.1803827000260516,9740.399987000012,34518.799999999996
2018-06-25,3166310000.0,-1746000001.3,1.3,1420309998.7,0.45816393638414543,14203.099987000016,30056.09999999999
2018-06-26,2456920000.0,-1746000001.3,1.3,710919998.7,-0.4994613856477106,7109.199987000008,37150.0
2018-06-27,2528530000.0,-1746000001.3,1.3,782529998.7,0.10072863350439887,7825.299987000009,36433.899999999994
2018-06-28,0.0,782529997.3999999,2.6,782529997.3999999,-1.6612784481395693e-09,7825.299974000007,36433.900013
2018-06-29,0.0,782529997.3999999,2.6,782529997.3999999,0.0,7825.299974000007,36433.900013
2018-07-02,0.0,782529997.3999999,2.6,782529997.3999999,0.0,7825.299974000007,36433.900013
2018-07-03,0.0,782529997.3999999,2.6,782529997.3999999,0.0,7825.299974000007,36433.900013
2018-07-05,0.0,782529997.3999999,2.6,782529997.3999999,0.0,7825.299974000007,36433.900013
2018-07-06,0.0,782529997.3999999,2.6,782529997.3999999,0.0,7825.299974000007,36433.900013
2018-07-09,0.0,782529997.3999999,2.6,782529997.3999999,0.0,7825.299974000007,36433.900013
2018-07-10,0.0,782529997.3999999,2.6,782529997.3999999,0.0,7825.299974000007,36433.900013
2018-07-11,0.0,782529997.3999999,2.6,782529997.3999999,0.0,7825.299974000007,36433.900013
2018-07-12,0.0,782529997.3999999,2.6,782529997.3999999,0.0,7825.299974000007,36433.900013
2018-07-13,0.0,782529997.3999999,2.6,782529997.3999999,0.0,7825.299974000007,36433.900013
2018-07-16,0.0,782529997.3999999,2.6,782529997.3999999,0.0,7825.299974000007,36433.900013
2018-07-17,0.0,782529997.3999999,2.6,782529997.3999999,0.0,7825.299974000007,36433.900013
2018-07-18,0.0,782529997.3999999,2.6,782529997.3999999,0.0,7825.299974000007,36433.900013
2018-07-19,0.0,782529997.3999999,2.6,782529997.3999999,0.0,7825.299974000007,36433.900013
2018-07-20,0.0,782529997.3999999,2.6,782529997.3999999,0.0,7825.299974000007,36433.900013
2018-07-23,0.0,782529997.3999999,2.6,782529997.3999999,0.0,7825.299974000007,36433.900013
2018-07-24,0.0,782529997.3999999,2.6,782529997.3999999,0.0,7825.299974000007,36433.900013
2018-07-25,0.0,782529997.3999999,2.6,782529997.3999999,0.0,7825.299974000007,36433.900013
2018-07-26,0.0,782529997.3999999,2.6,782529997.3999999,0.0,7825.299974000007,36433.900013
2018-07-27,0.0,782529997.3999999,2.6,782529997.3999999,0.0,7825.299974000007,36433.900013
2018-07-30,0.0,782529997.3999999,2.6,782529997.3999999,0.0,7825.299974000007,36433.900013
2018-07-31,0.0,782529997.3999999,2.6,782529997.3999999,0.0,7825.299974000007,36433.900013
2018-08-01,0.0,782529997.3999999,2.6,782529997.3999999,0.0,7825.299974000007,36433.900013
2018-08-02,0.0,782529997.3999999,2.6,782529997.3999999,0.0,7825.299974000007,36433.900013
2018-08-03,0.0,782529997.3999999,2.6,782529997.3999999,0.0,7825.299974000007,36433.900013
2018-08-06,0.0,782529997.3999999,2.6,782529997.3999999,0.0,7825.299974000007,36433.900013
2018-08-07,0.0,782529997.3999999,2.6,782529997.3999999,0.0,7825.299974000007,36433.900013
2018-08-08,0.0,782529997.3999999,2.6,782529997.3999999,0.0,7825.299974000007,36433.900013
2018-08-09,0.0,782529997.3999999,2.6,782529997.3999999,0.0,7825.299974000007,36433.900013
2018-08-10,0.0,782529997.3999999,2.6,782529997.3999999,0.0,7825.299974000007,36433.900013
2018-08-13,0.0,782529997.3999999,2.6,782529997.3999999,0.0,7825.299974000007,36433.900013
2018-08-14,0.0,782529997.3999999,2.6,782529997.3999999,0.0,7825.299974000007,36433.900013
2018-08-15,0.0,782529997.3999999,2.6,782529997.3999999,0.0,7825.299974000007,36433.900013
2018-08-16,0.0,782529997.3999999,2.6,782529997.3999999,0.0,7825.299974000007,36433.900013
2018-08-17,0.0,782529997.3999999,2.6,782529997.3999999,0.0,7825.299974000007,36433.900013
2018-08-20,0.0,782529997.3999999,2.6,782529997.3999999,0.0,7825.299974000007,36433.900013
2018-08-21,0.0,782529997.3999999,2.6,782529997.3999999,0.0,7825.299974000007,36433.900013
2018-08-22,0.0,782529997.3999999,2.6,782529997.3999999,0.0,7825.299974000007,36433.900013
2018-08-23,0.0,782529997.3999999,2.6,782529997.3999999,0.0,7825.299974000007,36433.900013
2018-08-24,0.0,782529997.3999999,2.6,782529997.3999999,0.0,7825.299974000007,36433.900013
2018-08-27,0.0,782529997.3999999,2.6,782529997.3999999,0.0,7825.299974000007,36433.900013
2018-08-28,0.0,782529997.3999999,2.6,782529997.3999999,0.0,7825.299974000007,36433.900013
2018-08-29,0.0,782529997.3999999,2.6,782529997.3999999,0.0,7825.299974000007,36433.900013
2018-08-30,0.0,782529997.3999999,2.6,782529997.3999999,0.0,7825.299974000007,36433.900013
2018-08-31,0.0,782529997.3999999,2.6,782529997.3999999,0.0,7825.299974000007,36433.900013
2018-09-04,0.0,782529997.3999999,2.6,782529997.3999999,0.0,7825.299974000007,36433.900013
2018-09-05,0.0,782529997.3999999,2.6,782529997.3999999,0.0,7825.299974000007,36433.900013
2018-09-06,0.0,782529997.3999999,2.6,782529997.3999999,0.0,7825.299974000007,36433.900013
2018-09-07,0.0,782529997.3999999,2.6,782529997.3999999,0.0,7825.299974000007,36433.900013
2018-09-10,0.0,782529997.3999999,2.6,782529997.3999999,0.0,7825.299974000007,36433.900013
2018-09-11,0.0,782529997.3999999,2.6,782529997.3999999,0.0,7825.299974000007,36433.900013
2018-09-12,0.0,782529997.3999999,2.6,782529997.3999999,0.0,7825.299974000007,36433.900013
2018-09-13,0.0,782529997.3999999,2.6,782529997.3999999,0.0,7825.299974000007,36433.900013
2018-09-14,0.0,782529997.3999999,2.6,782529997.3999999,0.0,7825.299974000007,36433.900013
2018-09-17,0.0,782529997.3999999,2.6,782529997.3999999,0.0,7825.299974000007,36433.900013
2018-09-18,0.0,782529997.3999999,2.6,782529997.3999999,0.0,7825.299974000007,36433.900013
2018-09-19,0.0,782529997.3999999,2.6,782529997.3999999,0.0,7825.299974000007,36433.900013
2018-09-20,0.0,782529997.3999999,2.6,782529997.3999999,0.0,7825.299974000007,36433.900013
2018-09-21,0.0,782529997.3999999,2.6,782529997.3999999,0.0,7825.299974000007,36433.900013
2018-09-24,0.0,782529997.3999999,2.6,782529997.3999999,0.0,7825.299974000007,36433.900013
2018-09-25,0.0,782529997.3999999,2.6,782529997.3999999,0.0,7825.299974000007,36433.900013
2018-09-26,0.0,782529997.3999999,2.6,782529997.3999999,0.0,7825.299974000007,36433.900013
2018-09-27,0.0,782529997.3999999,2.6,782529997.3999999,0.0,7825.299974000007,36433.900013
2018-09-28,0.0,782529997.3999999,2.6,782529997.3999999,0.0,7825.299974000007,36433.900013
2018-10-01,0.0,782529997.3999999,2.6,782529997.3999999,0.0,7825.299974000007,36433.900013
2018-10-02,0.0,782529997.3999999,2.6,782529997.3999999,0.0,7825.299974000007,36433.900013
2018-10-03,0.0,782529997.3999999,2.6,782529997.3999999,0.0,7825.299974000007,36433.900013
2018-10-04,0.0,782529997.3999999,2.6,782529997.3999999,0.0,7825.299974000007,36433.900013
2018-10-05,0.0,782529997.3999999,2.6,782529997.3999999,0.0,7825.299974000007,36433.900013
2018-10-08,0.0,782529997.3999999,2.6,782529997.3999999,0.0,7825.299974000007,36433.900013
2018-10-09,0.0,782529997.3999999,2.6,782529997.3999999,0.0,7825.299974000007,36433.900013
2018-10-10,0.0,782529997.3999999,2.6,782529997.3999999,0.0,7825.299974000007,36433.900013
2018-10-11,0.0,782529997.3999999,2.6,782529997.3999999,0.0,7825.299974000007,36433.900013
2018-10-12,0.0,782529997.3999999,2.6,782529997.3999999,0.0,7825.299974000007,36433.900013
2018-10-15,0.0,782529997.3999999,2.6,782529997.3999999,0.0,7825.299974000007,36433.900013
2018-10-16,0.0,782529997.3999999,2.6,782529997.3999999,0.0,7825.299974000007,36433.900013
2018-10-17,0.0,782529997.3999999,2.6,782529997.3999999,0.0,7825.299974000007,36433.900013
2018-10-18,0.0,782529997.3999999,2.6,782529997.3999999,0.0,7825.299974000007,36433.900013
2018-10-19,0.0,782529997.3999999,2.6,782529997.3999999,0.0,7825.299974000007,36433.900013
2018-10-22,0.0,782529997.3999999,2.6,782529997.3999999,0.0,7825.299974000007,36433.900013
2018-10-23,0.0,782529997.3999999,2.6,782529997.3999999,0.0,7825.299974000007,36433.900013
2018-10-24,0.0,782529997.3999999,2.6,782529997.3999999,0.0,7825.299974000007,36433.900013
2018-10-25,0.0,782529997.3999999,2.6,782529997.3999999,0.0,7825.299974000007,36433.900013
2018-10-26,0.0,782529997.3999999,2.6,782529997.3999999,0.0,7825.299974000007,36433.900013
2018-10-29,0.0,782529997.3999999,2.6,782529997.3999999,0.0,7825.299974000007,36433.900013
2018-10-30,0.0,782529997.3999999,2.6,782529997.3999999,0.0,7825.299974000007,36433.900013
2018-10-31,0.0,782529997.3999999,2.6,782529997.3999999,0.0,7825.299974000007,36433.900013
2018-11-01,0.0,782529997.3999999,2.6,782529997.3999999,0.0,7825.299974000007,36433.900013
2018-11-02,0.0,782529997.3999999,2.6,782529997.3999999,0.0,7825.299974000007,36433.900013
2018-11-05,0.0,782529997.3999999,2.6,782529997.3999999,0.0,7825.299974000007,36433.900013
2018-11-06,0.0,782529997.3999999,2.6,782529997.3999999,0.0,7825.299974000007,36433.900013
2018-11-07,0.0,782529997.3999999,2.6,782529997.3999999,0.0,7825.299974000007,36433.900013
2018-11-08,0.0,782529997.3999999,2.6,782529997.3999999,0.0,7825.299974000007,36433.900013
2018-11-09,0.0,782529997.3999999,2.6,782529997.3999999,0.0,7825.299974000007,36433.900013
2018-11-12,0.0,782529997.3999999,2.6,782529997.3999999,0.0,7825.299974000007,36433.900013
2018-11-13,0.0,782529997.3999999,2.6,782529997.3999999,0.0,7825.299974000007,36433.900013
2018-11-14,0.0,782529997.3999999,2.6,782529997.3999999,0.0,7825.299974000007,36433.900013
2018-11-15,0.0,782529997.3999999,2.6,782529997.3999999,0.0,7825.299974000007,36433.900013
2018-11-16,0.0,782529997.3999999,2.6,782529997.3999999,0.0,7825.299974000007,36433.900013
2018-11-19,0.0,782529997.3999999,2.6,782529997.3999999,0.0,7825.299974000007,36433.900013
2018-11-20,0.0,782529997.3999999,2.6,782529997.3999999,0.0,7825.299974000007,36433.900013
2018-11-21,0.0,782529997.3999999,2.6,782529997.3999999,0.0,7825.299974000007,36433.900013
2018-11-23,0.0,782529997.3999999,2.6,782529997.3999999,0.0,7825.299974000007,36433.900013
2018-11-26,4499850000.0,-1579870003.9000003,3.9000000000000004,2919979996.0999994,2.7314607820809402,29199.799961000026,15059.400025999981
2018-11-27,4138740000.0,-1579870003.9000003,3.9000000000000004,2558869996.0999994,-0.1236686554299371,25588.699961000024,18670.500025999983
2018-11-28,4606250000.0,-1579870003.9000003,3.9000000000000004,3026379996.0999994,0.18270173971813208,30263.799961000026,13995.400025999981
2018-11-29,4177000000.0,-1579870003.9000003,3.9000000000000004,2597129996.0999994,-0.14183612122508116,25971.29996100002,18287.90002599999
2018-11-30,3953150000.0,-1579870003.9000003,3.9000000000000004,2373279996.0999994,-0.08619129590592156,23732.79996100002,20526.40002599999
2018-12-03,4080250000.0,-1579870003.9000003,3.9000000000000004,2500379996.0999994,0.053554574348101625,25003.79996100002,19255.40002599999
2018-12-04,4134430000.0,-1579870003.9000003,3.9000000000000004,2554559996.0999994,0.021668706390431947,25545.59996100002,18713.600025999986
2018-12-06,4309840000.0,-1579870003.9000003,3.9000000000000004,2729969996.0999994,0.06866544542613817,27299.699961000028,16959.50002599998
2018-12-07,4228160000.0,-1579870003.9000003,3.9000000000000004,2648289996.0999994,-0.029919742750538325,26482.899961000025,17776.300025999983
2018-12-10,6202600000.0,-1579870003.9000003,3.9000000000000004,4622729996.099999,0.7455527917666329,46227.29996100005,0.0
2018-12-11,4728170000.0,-1579870003.9000003,3.9000000000000004,3148299996.0999994,-0.3189522211428991,31482.99996100003,14744.300000000017
2018-12-12,3562770000.0,-1579870003.9000003,3.9000000000000004,1982899996.0999997,-0.3701680276478275,19828.99996100002,26398.30000000003
2018-12-13,3189860000.0,-1579870003.9000003,3.9000000000000004,1609989996.0999997,-0.18806293849081923,16099.899961000016,30127.40000000003
2018-12-14,4070370000.0,-1579870003.9000003,3.9000000000000004,2490499996.0999994,0.5469040193621859,24904.999961000023,21322.300000000025
2018-12-17,4428790000.0,-1579870003.9000003,3.9000000000000004,2848919996.0999994,0.14391487675618064,28489.199961000024,17738.100000000024
2018-12-18,3384150000.0,-1579870003.9000003,3.9000000000000004,1804279996.0999997,-0.3666793035360941,18042.799961000015,28184.500000000033
2018-12-19,4904730000.0,-1579870003.9000003,3.9000000000000004,3324859996.0999994,0.8427627659159194,33248.59996100003,12978.700000000019
2018-12-20,6477300000.0,-1579870003.9000003,3.9000000000000004,4897429996.099999,0.4729732986786199,48974.29996100005,0.0
2018-12-21,9574460000.0,-1579870003.9000003,3.9000000000000004,7994589996.099999,0.632405159944375,79945.89996100008,0.0
2018-12-24,3716920000.0,-1579870003.9000003,3.9000000000000004,2137049996.0999997,-0.7326879806040689,21370.49996100002,58575.40000000005
2018-12-26,5858250000.0,-1579870003.9000003,3.9000000000000004,4278379996.0999994,1.0020027626437429,42783.79996100004,37162.100000000035
2018-12-27,5311710000.0,-1579870003.9000003,3.9000000000000004,3731839996.0999994,-0.12774461373188073,37318.39996100004,42627.50000000004
2018-12-28,4229140000.0,-1579870003.9000003,3.9000000000000004,2649269996.0999994,-0.2900901435032991,26492.699961000028,53453.20000000005
2018-12-31,3500350000.0,-1579870003.9000003,3.9000000000000004,1920479996.0999997,-0.27509087449480585,19204.799961000022,60741.10000000005
2019-01-02,3703970000.0,-1579870003.9000003,3.9000000000000004,2124099996.0999997,0.10602557715440919,21240.999961000023,58704.90000000005
2019-01-03,9131220000.0,-1579870003.9000003,3.9000000000000004,7551349996.099999,2.555082157132348,75513.49996100008,4432.399999999994
2019-01-04,5860710000.0,-1579870003.9000003,3.9000000000000004,4280839996.0999994,-0.43310269047112115,42808.39996100005,37137.50000000003
2019-01-07,5477780000.0,-1579870003.9000003,3.9000000000000004,3897909996.0999994,-0.0894520702359497,38979.09996100004,40966.80000000003
2019-01-08,4102530000.0,-1579870003.9000003,3.9000000000000004,2522659996.0999994,-0.35281727935636986,25226.599961000025,54719.30000000005
2019-01-09,4509910000.0,-1579870003.9000003,3.9000000000000004,2930039996.0999994,0.16148827056749804,29300.399961000032,50645.500000000044
2019-01-10,3578070000.0,-1579870003.9000003,3.9000000000000004,1998199996.0999997,-0.3180297884125528,19981.99996100002,59963.90000000005
2019-01-11,2702320000.0,-1579870003.9000003,3.9000000000000004,1122449996.0999997,-0.4382694433536438,11224.499961000009,68721.40000000007
2019-01-14,3243920000.0,-1579870003.9000003,3.9000000000000004,1664049996.0999997,0.4825159266620449,16640.499961000016,63305.40000000006
2019-01-15,2871090000.0,-1579870003.9000003,3.9000000000000004,1291219996.0999997,-0.2240497586453497,12912.199961000011,67033.70000000007
2019-01-16,3056970000.0,-1579870003.9000003,3.9000000000000004,1477099996.0999997,0.14395687842616423,14770.999961000012,65174.90000000007
2019-01-17,2982120000.0,-1579870003.9000003,3.9000000000000004,1402249996.0999997,-0.050673617356730816,14022.499961000012,65923.40000000007
2019-01-18,3375100000.0,-1579870003.9000003,3.9000000000000004,1795229996.0999997,0.28024959963841933,17952.299961000015,61993.600000000064
2019-01-22,3039400000.0,-1579870003.9000003,3.9000000000000004,1459529996.0999997,-0.18699553858240037,14595.299961000012,65350.600000000064
2019-01-23,2313060000.0,-1579870003.9000003,3.9000000000000004,733189996.0999997,-0.4976533554917324,7331.899961000005,72614.00000000007
2019-01-24,2544150000.0,-1579870003.9000003,3.9000000000000004,964279996.0999997,0.315184333159507,9642.799961000006,70303.10000000006
2019-01-25,3353550000.0,-1579870003.9000003,3.9000000000000004,1773679996.0999997,0.8393827552926463,17736.79996100001,62209.100000000064
2019-01-28,2619210000.0,-1579870003.9000003,3.9000000000000004,1039339996.0999997,-0.4140205683182312,10393.399961000006,69552.50000000007
2019-01-29,4158720000.0,-1579870003.9000003,3.9000000000000004,2578849996.0999994,1.4812380989636007,25788.499961000016,54157.40000000006
2019-01-30,6110980000.0,-1579870003.9000003,3.9000000000000004,4531109996.099999,0.7570273583001754,45311.099961000036,34634.80000000004
2019-01-31,4073960000.0,-1579870003.9000003,3.9000000000000004,2494089996.0999994,-0.44956313171679707,24940.899961000017,55005.00000000006
2019-02-01,3266810000.0,-1579870003.9000003,3.9000000000000004,1686939996.0999997,-0.32362505012334664,16869.399961000014,63076.50000000006
2019-02-04,3149550000.0,-1579870003.9000003,3.9000000000000004,1569679996.0999997,-0.06951047474782202,15696.799961000013,64249.100000000064
2019-02-05,3610160000.0,-1579870003.9000003,3.9000000000000004,2030289996.0999997,0.2934419761635645,20302.89996100002,59643.00000000006
2019-02-06,2823960000.0,-1579870003.9000003,3.9000000000000004,1244089996.0999997,-0.3872353218063518,12440.89996100001,67505.00000000006
2019-02-07,3174170000.0,-1579870003.9000003,3.9000000000000004,1594299996.0999997,0.28149892780895747,15942.999961000014,64002.90000000006
2019-02-08,2382000000.0,-1579870003.9000003,3.9000000000000004,802129996.0999997,-0.49687637329098544,8021.299961000005,71924.60000000006
2019-02-11,2099340000.0,-1579870003.9000003,3.9000000000000004,519469996.09999967,-0.3523867719376018,5194.699961000002,74751.20000000007
2019-02-12,2228350000.0,-1579870003.9000003,3.9000000000000004,648479996.0999997,0.24834928093742148,6484.799961000004,73461.10000000006
2019-02-13,2249020000.0,-1579870003.9000003,3.9000000000000004,669149996.0999997,0.03187453757141423,6691.499961000004,73254.40000000007
2019-02-14,2183570000.0,-1579870003.9000003,3.9000000000000004,603699996.0999997,-0.09781065587904292,6036.999961000003,73908.90000000007
2019-02-15,2462680000.0,-1579870003.9000003,3.9000000000000004,882809996.0999997,0.4623322872338844,8828.099961000005,71117.80000000008
2019-02-19,1897280000.0,-1579870003.9000003,3.9000000000000004,317409996.09999967,-0.6404549138521023,3174.0999609999994,76771.80000000008
2019-02-20,2611440000.0,-1579870003.9000003,3.9000000000000004,1031569996.0999997,2.249960646403224,10315.699961000006,69630.20000000007
2019-02-21,1724970000.0,-1579870003.9000003,3.9000000000000004,145099996.09999967,-0.8593406199787011,1450.9999609999975,78494.90000000008
2019-02-22,1891320000.0,-1579870003.9000003,3.9000000000000004,311449996.09999967,1.146450754453193,3114.499960999998,76831.40000000008
2019-02-25,2187340000.0,-1579870003.9000003,3.9000000000000004,607469996.0999997,0.9504575492271143,6074.699960999999,73871.20000000007
2019-02-26,1707020000.0,-1579870003.9000003,3.9000000000000004,127149996.09999967,-0.7906892572204197,1271.4999609999973,78674.40000000008
2019-02-27,2783540000.0,-1579870003.9000003,3.9000000000000004,1203669996.0999997,8.466535847577607,12036.699961000002,67909.20000000007
2019-02-28,2821540000.0,-1579870003.9000003,3.9000000000000004,1241669996.0999997,0.031570114834733376,12416.699961000002,67529.20000000007
2019-03-01,2588620000.0,-1579870003.9000003,3.9000000000000004,1008749996.0999997,-0.18758607418362827,10087.499961000001,69858.40000000008
2019-03-04,2743620000.0,-1579870003.9000003,3.9000000000000004,1163749996.0999997,0.15365551484436835,11637.499961000001,68308.40000000008
2019-03-05,1973740000.0,-1579870003.9000003,3.9000000000000004,393869996.09999967,-0.6615510226251766,3938.6999609999975,76007.20000000008
2019-03-06,2081040000.0,-1579870003.9000003,3.9000000000000004,501169996.09999967,0.27242491447040207,5011.6999609999975,74934.20000000008
2019-03-07,2479640000.0,-1579870003.9000003,3.9000000000000004,899769996.0999997,0.7953389131468804,8997.699960999998,70948.20000000007
2019-03-08,2399940000.0,-1579870003.9000003,3.9000000000000004,820069996.0999997,-0.08857819258861155,8200.699960999998,71745.20000000007
2019-03-11,3201100000.0,-1579870003.9000003,3.9000000000000004,1621229996.0999997,0.9769409974881049,16212.299961,63733.60000000008
2019-03-12,3246760000.0,-1579870003.9000003,3.9000000000000004,1666889996.0999997,0.028163801625826546,16668.899961,63277.00000000007
2019-03-13,3103250000.0,-1579870003.9000003,3.9000000000000004,1523379996.0999997,-0.08609446354334627,15233.799960999999,64712.10000000008
2019-03-14,2357950000.0,-1579870003.9000003,3.9000000000000004,778079996.0999997,-0.4892410310677836,7780.799960999998,72165.10000000008
2019-03-15,3904290000.0,-1579870003.9000003,3.9000000000000004,2324419996.0999994,1.9873791997619517,23244.199961,56701.70000000008
2019-03-18,2621980000.0,-1579870003.9000003,3.9000000000000004,1042109996.0999997,-0.551668804326029,10421.099960999998,69524.80000000008
2019-03-19,3164640000.0,-1579870003.9000003,3.9000000000000004,1584769996.0999997,0.5207319784196054,15847.699961,64098.20000000008
2019-03-20,3103520000.0,-1579870003.9000003,3.9000000000000004,1523649996.0999997,-0.038567110779742064,15236.499961,64709.400000000074
2019-03-21,5103420000.0,-1579870003.9000003,3.9000000000000004,3523549996.0999994,1.3125717882184427,35235.499961,44710.400000000074
2019-03-22,4240770000.0,-1579870003.9000003,3.9000000000000004,2660899996.0999994,-0.24482411231707057,26608.999961,53336.900000000074
2019-03-25,4384530000.0,-1579870003.9000003,3.9000000000000004,2804659996.0999994,0.05402683310560508,28046.599961,51899.300000000076
2019-03-26,4980050000.0,-1579870003.9000003,3.9000000000000004,3400179996.0999994,0.2123323329131146,34001.799961,45944.10000000008
2019-03-27,2984840000.0,-1579870003.9000003,3.9000000000000004,1404969996.0999997,-0.586795405622203,14049.699960999997,65896.20000000008
2019-03-28,2078040000.0,-1579870003.9000003,3.9000000000000004,498169996.09999967,-0.6454230357353894,4981.699960999997,74964.20000000008
2019-03-29,2356400000.0,-1579870003.9000003,3.9000000000000004,776529996.0999997,0.5587650845678864,7765.299960999996,72180.60000000008
2019-04-01,2786200000.0,-1579870003.9000003,3.9000000000000004,1206329996.0999997,0.5534879555955381,12063.299960999995,67882.60000000008
2019-04-02,2276570000.0,-1579870003.9000003,3.9000000000000004,696699996.0999997,-0.42246317479264095,6966.999960999996,72978.90000000008
2019-04-03,2327180000.0,-1579870003.9000003,3.9000000000000004,747309996.0999997,0.07264245770533306,7473.099960999995,72472.80000000008
2019-04-04,1911430000.0,-1579870003.9000003,3.9000000000000004,331559996.09999967,-0.5563287018368309,3315.5999609999963,76630.30000000008
2019-04-05,1852660000.0,-1579870003.9000003,3.9000000000000004,272789996.09999967,-0.17725298796985978,2727.8999609999964,77218.00000000007
2019-04-08,2588170000.0,-1579870003.9000003,3.9000000000000004,1008299996.0999997,2.6962499010791285,10082.999960999996,69862.90000000008
2019-04-09,3576820000.0,-1579870003.9000003,3.9000000000000004,1996949996.0999997,0.9805117562471448,19969.499960999994,59976.40000000008
2019-04-10,2169530000.0,-1579870003.9000003,3.9000000000000004,589659996.0999997,-0.704719698915049,5896.599960999994,74049.30000000008
2019-04-11,2090080000.0,-1579870003.9000003,3.9000000000000004,510209996.09999967,-0.13473866384947397,5102.099960999994,74843.80000000008
2019-04-12,2776070000.0,-1579870003.9000003,3.9000000000000004,1196199996.0999997,1.3445248137897088,11961.999960999992,67983.90000000008
2019-04-15,1753660000.0,-1579870003.9000003,3.9000000000000004,173789996.09999967,-0.854714933400258,1737.8999609999958,78208.00000000007
2019-04-16,2569640000.0,-1579870003.9000003,3.9000000000000004,989769996.0999997,4.695206964217209,9897.699960999991,70048.20000000008
2019-04-17,2890680000.0,-1579870003.9000003,3.9000000000000004,1310809996.0999997,0.3243581855026896,13108.099960999989,66837.80000000009
2019-04-18,2419580000.0,-1579870003.9000003,3.9000000000000004,839709996.0999997,-0.35939609966482167,8397.099960999993,71548.80000000008
2019-04-22,1943950000.0,-1579870003.9000003,3.9000000000000004,364079996.09999967,-0.5664217434698229,3640.799960999995,76305.10000000008
2019-04-23,2332300000.0,-1579870003.9000003,3.9000000000000004,752429996.0999997,1.066661184794493,7524.299960999993,72421.60000000008
2019-04-24,1754060000.0,-1579870003.9000003,3.9000000000000004,174189996.09999967,-0.7684967412212931,1741.8999609999958,78204.00000000007
2019-04-25,1854320000.0,-1579870003.9000003,3.9000000000000004,274449996.09999967,0.5755784042985015,2744.4999609999954,77201.40000000008
2019-04-26,1864910000.0,-1579870003.9000003,3.9000000000000004,285039996.09999967,0.03858626398428289,2850.3999609999955,77095.50000000009
2019-04-29,2220470000.0,-1579870003.9000003,3.9000000000000004,640599996.0999997,1.2474038902079552,6405.999960999994,73539.90000000008
2019-04-30,4653490000.0,-1579870003.9000003,3.9000000000000004,3073619996.0999994,3.7980331170969874,30736.19996099998,49209.7000000001
2019-05-01,6482730000.0,-1579870003.9000003,3.9000000000000004,4902859996.099999,0.5951418855685002,49028.59996099997,30917.300000000105
2019-05-02,3199630000.0,-1579870003.9000003,3.9000000000000004,1619759996.0999997,-0.6696295636855949,16197.599960999985,63748.30000000009
2019-05-03,2089240000.0,-1579870003.9000003,3.9000000000000004,509369996.09999967,-0.685527487204004,5093.699960999992,74852.20000000008
2019-05-06,0.0,509369994.7999997,5.2,509369994.7999997,-2.5521722513133227e-09,5093.699947999992,74852.20001300008
2019-05-07,0.0,509369994.7999997,5.2,509369994.7999997,0.0,5093.699947999992,74852.20001300008
2019-05-08,0.0,509369994.7999997,5.2,509369994.7999997,0.0,5093.699947999992,74852.20001300008
2019-05-09,0.0,509369994.7999997,5.2,509369994.7999997,0.0,5093.699947999992,74852.20001300008
2019-05-10,0.0,509369994.7999997,5.2,509369994.7999997,0.0,5093.699947999992,74852.20001300008
2019-05-13,0.0,509369994.7999997,5.2,509369994.7999997,0.0,5093.699947999992,74852.20001300008
2019-05-14,0.0,509369994.7999997,5.2,509369994.7999997,0.0,5093.699947999992,74852.20001300008
2019-05-15,0.0,509369994.7999997,5.2,509369994.7999997,0.0,5093.699947999992,74852.20001300008
2019-05-16,0.0,509369994.7999997,5.2,509369994.7999997,0.0,5093.699947999992,74852.20001300008
2019-05-17,0.0,509369994.7999997,5.2,509369994.7999997,0.0,5093.699947999992,74852.20001300008
2019-05-20,0.0,509369994.7999997,5.2,509369994.7999997,0.0,5093.699947999992,74852.20001300008
2019-05-21,0.0,509369994.7999997,5.2,509369994.7999997,0.0,5093.699947999992,74852.20001300008
2019-05-22,0.0,509369994.7999997,5.2,509369994.7999997,0.0,5093.699947999992,74852.20001300008
2019-05-23,0.0,509369994.7999997,5.2,509369994.7999997,0.0,5093.699947999992,74852.20001300008
2019-05-24,0.0,509369994.7999997,5.2,509369994.7999997,0.0,5093.699947999992,74852.20001300008
2019-05-28,0.0,509369994.7999997,5.2,509369994.7999997,0.0,5093.699947999992,74852.20001300008
2019-05-29,0.0,509369994.7999997,5.2,509369994.7999997,0.0,5093.699947999992,74852.20001300008
2019-05-30,0.0,509369994.7999997,5.2,509369994.7999997,0.0,5093.699947999992,74852.20001300008
2019-05-31,0.0,509369994.7999997,5.2,509369994.7999997,0.0,5093.699947999992,74852.20001300008
2019-06-03,0.0,509369994.7999997,5.2,509369994.7999997,0.0,5093.699947999992,74852.20001300008
2019-06-04,0.0,509369994.7999997,5.2,509369994.7999997,0.0,5093.699947999992,74852.20001300008
2019-06-05,0.0,509369994.7999997,5.2,509369994.7999997,0.0,5093.699947999992,74852.20001300008
2019-06-06,0.0,509369994.7999997,5.2,509369994.7999997,0.0,5093.699947999992,74852.20001300008
2019-06-07,0.0,509369994.7999997,5.2,509369994.7999997,0.0,5093.699947999992,74852.20001300008
2019-06-10,0.0,509369994.7999997,5.2,509369994.7999997,0.0,5093.699947999992,74852.20001300008
2019-06-11,0.0,509369994.7999997,5.2,509369994.7999997,0.0,5093.699947999992,74852.20001300008
2019-06-12,0.0,509369994.7999997,5.2,509369994.7999997,0.0,5093.699947999992,74852.20001300008
2019-06-13,0.0,509369994.7999997,5.2,509369994.7999997,0.0,5093.699947999992,74852.20001300008
2019-06-14,0.0,509369994.7999997,5.2,509369994.7999997,0.0,5093.699947999992,74852.20001300008
2019-06-17,0.0,509369994.7999997,5.2,509369994.7999997,0.0,5093.699947999992,74852.20001300008
2019-06-18,0.0,509369994.7999997,5.2,509369994.7999997,0.0,5093.699947999992,74852.20001300008
2019-06-19,0.0,509369994.7999997,5.2,509369994.7999997,0.0,5093.699947999992,74852.20001300008
2019-06-20,0.0,509369994.7999997,5.2,509369994.7999997,0.0,5093.699947999992,74852.20001300008
2019-06-21,0.0,509369994.7999997,5.2,509369994.7999997,0.0,5093.699947999992,74852.20001300008
2019-06-24,0.0,509369994.7999997,5.2,509369994.7999997,0.0,5093.699947999992,74852.20001300008
2019-06-25,0.0,509369994.7999997,5.2,509369994.7999997,0.0,5093.699947999992,74852.20001300008
2019-06-26,0.0,509369994.7999997,5.2,509369994.7999997,0.0,5093.699947999992,74852.20001300008
2019-06-27,0.0,509369994.7999997,5.2,509369994.7999997,0.0,5093.699947999992,74852.20001300008
2019-06-28,0.0,509369994.7999997,5.2,509369994.7999997,0.0,5093.699947999992,74852.20001300008
2019-07-01,0.0,509369994.7999997,5.2,509369994.7999997,0.0,5093.699947999992,74852.20001300008
2019-07-02,0.0,509369994.7999997,5.2,509369994.7999997,0.0,5093.699947999992,74852.20001300008
2019-07-03,0.0,509369994.7999997,5.2,509369994.7999997,0.0,5093.699947999992,74852.20001300008
2019-07-05,0.0,509369994.7999997,5.2,509369994.7999997,0.0,5093.699947999992,74852.20001300008
2019-07-08,0.0,509369994.7999997,5.2,509369994.7999997,0.0,5093.699947999992,74852.20001300008
2019-07-09,0.0,509369994.7999997,5.2,509369994.7999997,0.0,5093.699947999992,74852.20001300008
2019-07-10,0.0,509369994.7999997,5.2,509369994.7999997,0.0,5093.699947999992,74852.20001300008
2019-07-11,0.0,509369994.7999997,5.2,509369994.7999997,0.0,5093.699947999992,74852.20001300008
2019-07-12,0.0,509369994.7999997,5.2,509369994.7999997,0.0,5093.699947999992,74852.20001300008
2019-07-15,0.0,509369994.7999997,5.2,509369994.7999997,0.0,5093.699947999992,74852.20001300008
2019-07-16,0.0,509369994.7999997,5.2,509369994.7999997,0.0,5093.699947999992,74852.20001300008
2019-07-17,0.0,509369994.7999997,5.2,509369994.7999997,0.0,5093.699947999992,74852.20001300008
2019-07-18,0.0,509369994.7999997,5.2,509369994.7999997,0.0,5093.699947999992,74852.20001300008
2019-07-19,0.0,509369994.7999997,5.2,509369994.7999997,0.0,5093.699947999992,74852.20001300008
2019-07-22,0.0,509369994.7999997,5.2,509369994.7999997,0.0,5093.699947999992,74852.20001300008
2019-07-23,0.0,509369994.7999997,5.2,509369994.7999997,0.0,5093.699947999992,74852.20001300008
2019-07-24,0.0,509369994.7999997,5.2,509369994.7999997,0.0,5093.699947999992,74852.20001300008
2019-07-25,0.0,509369994.7999997,5.2,509369994.7999997,0.0,5093.699947999992,74852.20001300008
2019-07-26,0.0,509369994.7999997,5.2,509369994.7999997,0.0,5093.699947999992,74852.20001300008
2019-07-29,0.0,509369994.7999997,5.2,509369994.7999997,0.0,5093.699947999992,74852.20001300008
2019-07-30,0.0,509369994.7999997,5.2,509369994.7999997,0.0,5093.699947999992,74852.20001300008
2019-07-31,0.0,509369994.7999997,5.2,509369994.7999997,0.0,5093.699947999992,74852.20001300008
2019-08-01,0.0,509369994.7999997,5.2,509369994.7999997,0.0,5093.699947999992,74852.20001300008
2019-08-02,0.0,509369994.7999997,5.2,509369994.7999997,0.0,5093.699947999992,74852.20001300008
2019-08-05,0.0,509369994.7999997,5.2,509369994.7999997,0.0,5093.699947999992,74852.20001300008
2019-08-06,0.0,509369994.7999997,5.2,509369994.7999997,0.0,5093.699947999992,74852.20001300008
2019-08-07,0.0,509369994.7999997,5.2,509369994.7999997,0.0,5093.699947999992,74852.20001300008
2019-08-08,0.0,509369994.7999997,5.2,509369994.7999997,0.0,5093.699947999992,74852.20001300008
2019-08-09,0.0,509369994.7999997,5.2,509369994.7999997,0.0,5093.699947999992,74852.20001300008
2019-08-12,0.0,509369994.7999997,5.2,509369994.7999997,0.0,5093.699947999992,74852.20001300008
2019-08-13,0.0,509369994.7999997,5.2,509369994.7999997,0.0,5093.699947999992,74852.20001300008
2019-08-14,0.0,509369994.7999997,5.2,509369994.7999997,0.0,5093.699947999992,74852.20001300008
2019-08-15,0.0,509369994.7999997,5.2,509369994.7999997,0.0,5093.699947999992,74852.20001300008
2019-08-16,0.0,509369994.7999997,5.2,509369994.7999997,0.0,5093.699947999992,74852.20001300008
2019-08-19,0.0,509369994.7999997,5.2,509369994.7999997,0.0,5093.699947999992,74852.20001300008
2019-08-20,0.0,509369994.7999997,5.2,509369994.7999997,0.0,5093.699947999992,74852.20001300008
2019-08-21,0.0,509369994.7999997,5.2,509369994.7999997,0.0,5093.699947999992,74852.20001300008
2019-08-22,0.0,509369994.7999997,5.2,509369994.7999997,0.0,5093.699947999992,74852.20001300008
2019-08-23,0.0,509369994.7999997,5.2,509369994.7999997,0.0,5093.699947999992,74852.20001300008
2019-08-26,0.0,509369994.7999997,5.2,509369994.7999997,0.0,5093.699947999992,74852.20001300008
2019-08-27,0.0,509369994.7999997,5.2,509369994.7999997,0.0,5093.699947999992,74852.20001300008
2019-08-28,0.0,509369994.7999997,5.2,509369994.7999997,0.0,5093.699947999992,74852.20001300008
2019-08-29,0.0,509369994.7999997,5.2,509369994.7999997,0.0,5093.699947999992,74852.20001300008
2019-08-30,0.0,509369994.7999997,5.2,509369994.7999997,0.0,5093.699947999992,74852.20001300008
2019-09-03,0.0,509369994.7999997,5.2,509369994.7999997,0.0,5093.699947999992,74852.20001300008
2019-09-04,0.0,509369994.7999997,5.2,509369994.7999997,0.0,5093.699947999992,74852.20001300008
2019-09-05,0.0,509369994.7999997,5.2,509369994.7999997,0.0,5093.699947999992,74852.20001300008
2019-09-06,0.0,509369994.7999997,5.2,509369994.7999997,0.0,5093.699947999992,74852.20001300008
2019-09-09,0.0,509369994.7999997,5.2,509369994.7999997,0.0,5093.699947999992,74852.20001300008
2019-09-10,0.0,509369994.7999997,5.2,509369994.7999997,0.0,5093.699947999992,74852.20001300008
2019-09-11,0.0,509369994.7999997,5.2,509369994.7999997,0.0,5093.699947999992,74852.20001300008
2019-09-12,0.0,509369994.7999997,5.2,509369994.7999997,0.0,5093.699947999992,74852.20001300008
2019-09-13,0.0,509369994.7999997,5.2,509369994.7999997,0.0,5093.699947999992,74852.20001300008
2019-09-16,0.0,509369994.7999997,5.2,509369994.7999997,0.0,5093.699947999992,74852.20001300008
2019-09-17,0.0,509369994.7999997,5.2,509369994.7999997,0.0,5093.699947999992,74852.20001300008
2019-09-18,0.0,509369994.7999997,5.2,509369994.7999997,0.0,5093.699947999992,74852.20001300008
2019-09-19,0.0,509369994.7999997,5.2,509369994.7999997,0.0,5093.699947999992,74852.20001300008
2019-09-20,0.0,509369994.7999997,5.2,509369994.7999997,0.0,5093.699947999992,74852.20001300008
2019-09-23,0.0,509369994.7999997,5.2,509369994.7999997,0.0,5093.699947999992,74852.20001300008
2019-09-24,0.0,509369994.7999997,5.2,509369994.7999997,0.0,5093.699947999992,74852.20001300008
2019-09-25,0.0,509369994.7999997,5.2,509369994.7999997,0.0,5093.699947999992,74852.20001300008
2019-09-26,0.0,509369994.7999997,5.2,509369994.7999997,0.0,5093.699947999992,74852.20001300008
2019-09-27,0.0,509369994.7999997,5.2,509369994.7999997,0.0,5093.699947999992,74852.20001300008
2019-09-30,0.0,509369994.7999997,5.2,509369994.7999997,0.0,5093.699947999992,74852.20001300008
2019-10-01,0.0,509369994.7999997,5.2,509369994.7999997,0.0,5093.699947999992,74852.20001300008
2019-10-02,0.0,509369994.7999997,5.2,509369994.7999997,0.0,5093.699947999992,74852.20001300008
2019-10-03,0.0,509369994.7999997,5.2,509369994.7999997,0.0,5093.699947999992,74852.20001300008
2019-10-04,0.0,509369994.7999997,5.2,509369994.7999997,0.0,5093.699947999992,74852.20001300008
2019-10-07,0.0,509369994.7999997,5.2,509369994.7999997,0.0,5093.699947999992,74852.20001300008
2019-10-08,0.0,509369994.7999997,5.2,509369994.7999997,0.0,5093.699947999992,74852.20001300008
2019-10-09,0.0,509369994.7999997,5.2,509369994.7999997,0.0,5093.699947999992,74852.20001300008
2019-10-10,0.0,509369994.7999997,5.2,509369994.7999997,0.0,5093.699947999992,74852.20001300008
2019-10-11,0.0,509369994.7999997,5.2,509369994.7999997,0.0,5093.699947999992,74852.20001300008
2019-10-14,0.0,509369994.7999997,5.2,509369994.7999997,0.0,5093.699947999992,74852.20001300008
2019-10-15,0.0,509369994.7999997,5.2,509369994.7999997,0.0,5093.699947999992,74852.20001300008
2019-10-16,0.0,509369994.7999997,5.2,509369994.7999997,0.0,5093.699947999992,74852.20001300008
2019-10-17,0.0,509369994.7999997,5.2,509369994.7999997,0.0,5093.699947999992,74852.20001300008
2019-10-18,0.0,509369994.7999997,5.2,509369994.7999997,0.0,5093.699947999992,74852.20001300008
2019-10-21,0.0,509369994.7999997,5.2,509369994.7999997,0.0,5093.699947999992,74852.20001300008
2019-10-22,0.0,509369994.7999997,5.2,509369994.7999997,0.0,5093.699947999992,74852.20001300008
2019-10-23,0.0,509369994.7999997,5.2,509369994.7999997,0.0,5093.699947999992,74852.20001300008
2019-10-24,0.0,509369994.7999997,5.2,509369994.7999997,0.0,5093.699947999992,74852.20001300008
2019-10-25,0.0,509369994.7999997,5.2,509369994.7999997,0.0,5093.699947999992,74852.20001300008
2019-10-25,0.0,509369994.7999997,5.2,509369994.7999997,0.0,5093.699947999992,74852.20001300008
